77,,Egyéb,Férfi,0:14:28
752,Eötvös Loránd Tudományegyetem,Egyetemi hallgató,Férfi,0:15:44
842,Eötvös Loránd Tudományegyetem,Egyetemi hallgató,Férfi,0:16:08
607,Eötvös Loránd Tudományegyetem,Egyetemi hallgató,Férfi,0:16:08
748,Eötvös Loránd Tudományegyetem,Egyetemi hallgató,Férfi,0:17:05
696,Eötvös Loránd Tudományegyetem,Egyetemi hallgató,Férfi,0:17:12
297,,Egyéb,Férfi,0:17:15
670,Óbudai Árpád Gimnázium,Közoktatásban tanuló,Férfi,0:17:17
879,,Egyéb,Férfi,0:17:19
737,,Egyéb,Férfi,0:17:32
697,,Egyéb,Férfi,0:17:33
840,Budai Ciszterci Szent Imre Gimnázium,Közoktatásban tanuló,Férfi,0:17:39
838,,Egyéb,Férfi,0:17:44
364,Eötvös Loránd Tudományegyetem,Egyetemi hallgató,Férfi,0:17:44
231,,Egyéb,Férfi,0:17:47
680,,Egyéb,Férfi,0:17:57
128,,Egyéb,Férfi,0:18:01
539,Semmelweis Egyetem Bókay János Többcélú Szakképző Intézménye,Közoktatásban tanuló,Férfi,0:18:05
341,Lovassy László Gimnázium- Veszprém,Közoktatásban tanuló,Férfi,0:18:07
253,,Egyéb,Férfi,0:18:13
859,,Egyéb,Férfi,0:18:15
853,,Egyéb,Férfi,0:18:23
335,,Egyéb,Férfi,0:18:41
624,Budapesti Műszaki és Gazdaságtudományi Egyetem,Egyetemi hallgató,Férfi,0:18:49
542,Eötvös Loránd Tudományegyetem,Egyetemi hallgató,Férfi,0:18:55
167,,Egyéb,Férfi,0:19:15
348,Budapesti Műszaki és Gazdaságtudományi Egyetem,Egyetemi hallgató,Férfi,0:19:18
532,Károli Gáspár Református Egyetem,Egyetemi hallgató,Férfi,0:19:20
553,Eötvös Loránd Tudományegyetem,Egyetemi hallgató,Férfi,0:19:21
724,Eötvös Loránd Tudományegyetem,Egyetemi hallgató,Férfi,0:19:23
489,Eötvös Loránd Tudományegyetem,Egyetemi hallgató,Férfi,0:19:26
641,,Egyéb,Férfi,0:19:27
841,Fazekas Mihály Ált. Isk. és Gimn.,Közoktatásban tanuló,Férfi,0:19:28
417,,Egyéb,Férfi,0:19:29
314,,Egyéb,Férfi,0:19:31
443,,Egyéb,Férfi,0:19:32
418,,Egyéb,Férfi,0:19:34
480,Eötvös Loránd Tudományegyetem,Egyetemi hallgató,Férfi,0:19:35
758,,Egyéb,Férfi,0:19:39
168,,Egyéb,Férfi,0:19:40
201,Eötvös Loránd Tudományegyetem,Egyetemi alkalmazott,Férfi,0:19:41
843,Fazekas Mihály Ált. Isk. és Gimn.,Közoktatásban tanuló,Férfi,0:19:42
791,,Egyéb,Férfi,0:19:42
362,Eötvös Loránd Tudományegyetem,Egyetemi hallgató,Férfi,0:19:44
757,Eötvös Loránd Tudományegyetem,Egyetemi hallgató,Férfi,0:19:44
330,,Egyéb,Férfi,0:19:45
455,,Egyéb,Férfi,0:19:45
309,Eötvös Loránd Tudományegyetem,Egyetemi alkalmazott,Férfi,0:19:45
890,,Egyéb,Férfi,0:19:45
598,Eötvös Loránd Tudományegyetem,Egyetemi hallgató,Férfi,0:20:00
821,Eötvös Loránd Tudományegyetem,Egyetemi hallgató,Férfi,0:20:01
302,Eötvös Loránd Tudományegyetem,Egyetemi hallgató,Férfi,0:20:02
492,Eötvös Loránd Tudományegyetem,Egyetemi hallgató,Férfi,0:20:05
234,Eötvös Loránd Tudományegyetem,Egyetemi alkalmazott,Férfi,0:20:09
827,Eötvös Loránd Tudományegyetem,Egyetemi hallgató,Férfi,0:20:11
878,Eötvös Loránd Tudományegyetem,Egyetemi alkalmazott,Férfi,0:20:14
753,Eötvös Loránd Tudományegyetem,Egyetemi hallgató,Férfi,0:20:16
688,,Egyéb,Férfi,0:20:23
872,,Egyéb,Férfi,0:20:23
754,,Egyéb,Férfi,0:20:25
623,Semmelweis Egyetem,Egyetemi hallgató,Férfi,0:20:28
893,,Egyéb,Férfi,0:20:28
406,,Egyéb,Férfi,0:20:30
359,,Egyéb,Férfi,0:20:32
528,Eötvös Loránd Tudományegyetem,Egyetemi hallgató,Férfi,0:20:43
661,Eötvös Loránd Tudományegyetem,Egyetemi hallgató,Férfi,0:20:44
621,,Egyéb,Férfi,0:20:45
907,Testnevelési Egyetem,Egyetemi hallgató,Férfi,0:20:47
270,,Egyéb,Férfi,0:20:48
898,,Egyéb,Férfi,0:20:58
818,Eötvös Loránd Tudományegyetem,Egyetemi hallgató,Férfi,0:20:59
834,Eötvös Loránd Tudományegyetem,Doktorandusz hallgató,Férfi,0:21:08
109,,Egyéb,Férfi,0:21:12
865,Eötvös Loránd Tudományegyetem,Doktorandusz hallgató,Férfi,0:21:13
395,Eötvös Loránd Tudományegyetem,Egyetemi alkalmazott,Férfi,0:21:15
275,,Egyéb,Férfi,0:21:24
220,Eötvös Loránd Tudományegyetem,Egyetemi hallgató,Férfi,0:21:26
597,Eötvös Loránd Tudományegyetem,Egyetemi hallgató,Férfi,0:21:28
567,Eötvös Loránd Tudományegyetem,Egyetemi hallgató,Férfi,0:21:29
845,Budapesti Corvinus Egyetem,Egyetemi hallgató,Férfi,0:21:31
704,Eötvös Loránd Tudományegyetem,Egyetemi hallgató,Férfi,0:21:32
734,,Egyéb,Férfi,0:21:33
897,Eötvös Loránd Tudományegyetem,Egyetemi alkalmazott,Férfi,0:21:33
435,,Egyéb,Férfi,0:21:34
226,Eötvös Loránd Tudományegyetem,Doktorandusz hallgató,Férfi,0:21:35
451,,Egyéb,Férfi,0:21:38
566,,Egyéb,Férfi,0:21:40
527,,Egyéb,Férfi,0:21:42
440,,Egyéb,Férfi,0:21:44
792,Budapesti Műszaki és Gazdaságtudományi Egyetem,Egyetemi hallgató,Férfi,0:21:44
350,Eötvös Loránd Tudományegyetem,Egyetemi hallgató,Férfi,0:21:51
662,Eötvös Loránd Tudományegyetem,Egyetemi hallgató,Férfi,0:21:53
135,,Egyéb,Férfi,0:21:55
908,Budapesti Corvinus Egyetem,Egyetemi hallgató,Férfi,0:21:55
150,,Egyéb,Férfi,0:21:56
419,Eötvös Loránd Tudományegyetem,Egyetemi alkalmazott,Férfi,0:21:57
846,Eötvös Loránd Tudományegyetem,Egyetemi hallgató,Férfi,0:21:58
340,Eötvös Loránd Tudományegyetem,Egyetemi alkalmazott,Férfi,0:21:59
573,Eötvös Loránd Tudományegyetem,Doktorandusz hallgató,Férfi,0:22:00
825,Eötvös Loránd Tudományegyetem,Egyetemi hallgató,Férfi,0:22:01
775,Budai Ciszterci Szent Imre Gimnázium,Közoktatásban tanuló,Férfi,0:22:02
603,Eötvös Loránd Tudományegyetem,Egyetemi hallgató,Férfi,0:22:02
708,Eötvös Loránd Tudományegyetem,Egyetemi hallgató,Férfi,0:22:03
833,Eötvös Loránd Tudományegyetem,Egyetemi hallgató,Férfi,0:22:05
867,,Egyéb,Férfi,0:22:07
605,Eötvös Loránd Tudományegyetem,Doktorandusz hallgató,Férfi,0:22:08
769,Eötvös Loránd Tudományegyetem,Egyetemi hallgató,Férfi,0:22:10
615,Eötvös Loránd Tudományegyetem,Doktorandusz hallgató,Férfi,0:22:10
739,Eötvös Loránd Tudományegyetem,Egyetemi alkalmazott,Férfi,0:22:11
674,Eötvös Loránd Tudományegyetem,Egyetemi hallgató,Férfi,0:22:15
337,Eötvös Loránd Tudományegyetem,Egyetemi alkalmazott,Férfi,0:22:17
807,,Egyéb,Férfi,0:22:20
911,Budapesti Corvinus Egyetem,Egyetemi hallgató,Férfi,0:22:22
428,,Egyéb,Férfi,0:22:22
675,Eötvös Loránd Tudományegyetem,Egyetemi hallgató,Férfi,0:22:25
368,,Egyéb,Férfi,0:22:25
876,,Egyéb,Férfi,0:22:26
657,Eötvös Loránd Tudományegyetem,Egyetemi hallgató,Férfi,0:22:31
673,Eötvös Loránd Tudományegyetem,Egyetemi hallgató,Férfi,0:22:33
569,Eötvös Loránd Tudományegyetem,Egyetemi hallgató,Férfi,0:22:38
239,Eötvös Loránd Tudományegyetem,Egyetemi alkalmazott,Férfi,0:22:39
401,,Egyéb,Férfi,0:22:40
263,,Egyéb,Férfi,0:22:40
483,Eötvös Loránd Tudományegyetem,Egyetemi hallgató,Férfi,0:22:40
558,Eötvös Loránd Tudományegyetem,Egyetemi hallgató,Férfi,0:22:41
346,,Egyéb,Férfi,0:22:44
794,Eötvös Loránd Tudományegyetem,Egyetemi alkalmazott,Férfi,0:22:44
246,Eötvös Loránd Tudományegyetem,Egyetemi alkalmazott,Férfi,0:22:46
345,Eötvös Loránd Tudományegyetem,Egyetemi alkalmazott,Férfi,0:22:50
750,,Egyéb,Férfi,0:22:50
196,,Egyéb,Férfi,0:22:52
481,Eötvös Loránd Tudományegyetem,Egyetemi hallgató,Férfi,0:22:53
636,Eötvös Loránd Tudományegyetem,Egyetemi hallgató,Férfi,0:22:54
686,Eötvös Loránd Tudományegyetem,Egyetemi hallgató,Férfi,0:22:57
468,Eötvös Loránd Tudományegyetem,Doktorandusz hallgató,Férfi,0:22:59
426,,Egyéb,Férfi,0:23:02
653,Eötvös Loránd Tudományegyetem,Egyetemi hallgató,Férfi,0:23:06
126,,Egyéb,Férfi,0:23:07
693,,Egyéb,Férfi,0:23:08
783,,Egyéb,Férfi,0:23:08
320,Eötvös Loránd Tudományegyetem,Doktorandusz hallgató,Férfi,0:23:08
393,,Egyéb,Férfi,0:23:08
332,Budapesti Műszaki és Gazdaságtudományi Egyetem,Doktorandusz hallgató,Férfi,0:23:10
666,Eötvös Loránd Tudományegyetem,Egyetemi hallgató,Férfi,0:23:11
432,,Egyéb,Férfi,0:23:11
101,,Egyéb,Férfi,0:23:13
873,Budapesti Műszaki és Gazdaságtudományi Egyetem,Egyetemi hallgató,Férfi,0:23:14
216,,Egyéb,Férfi,0:23:15
192,Eötvös Loránd Tudományegyetem,Egyetemi alkalmazott,Férfi,0:23:16
785,,Egyéb,Férfi,0:23:16
705,,Egyéb,Férfi,0:23:17
561,Eötvös Loránd Tudományegyetem,Egyetemi hallgató,Férfi,0:23:19
580,Eötvös Loránd Tudományegyetem,Egyetemi hallgató,Férfi,0:23:19
361,Eötvös Loránd Tudományegyetem,Egyetemi hallgató,Férfi,0:23:23
344,Páduai Szent Antal Iskola- Piliscsaba,Közoktatásban tanuló,Férfi,0:23:23
601,,Egyéb,Férfi,0:23:24
594,,Egyéb,Férfi,0:23:26
585,,Egyéb,Férfi,0:23:29
547,Eötvös Loránd Tudományegyetem,Egyetemi hallgató,Férfi,0:23:30
437,,Egyéb,Férfi,0:23:30
888,,Egyéb,Férfi,0:23:31
800,Eötvös Loránd Tudományegyetem,Egyetemi alkalmazott,Férfi,0:23:32
190,,Egyéb,Férfi,0:23:35
583,Eötvös Loránd Tudományegyetem,Egyetemi hallgató,Férfi,0:23:36
488,Eötvös Loránd Tudományegyetem,Egyetemi hallgató,Férfi,0:23:36
460,,Egyéb,Férfi,0:23:37
193,,Egyéb,Férfi,0:23:37
358,,Egyéb,Férfi,0:23:38
892,,Egyéb,Férfi,0:23:38
659,Eötvös Loránd Tudományegyetem,Egyetemi hallgató,Férfi,0:23:38
776,Eötvös Loránd Tudományegyetem,Egyetemi hallgató,Férfi,0:23:38
894,Eötvös Loránd Tudományegyetem,Doktorandusz hallgató,Férfi,0:23:38
722,,Egyéb,Férfi,0:23:39
338,Eötvös Loránd Tudományegyetem,Egyetemi alkalmazott,Férfi,0:23:41
403,Eötvös Loránd Tudományegyetem,Doktorandusz hallgató,Férfi,0:23:41
161,,Egyéb,Férfi,0:23:42
380,,Egyéb,Férfi,0:23:43
165,,Egyéb,Férfi,0:23:45
387,,Egyéb,Férfi,0:23:45
404,,Egyéb,Férfi,0:23:46
240,,Egyéb,Férfi,0:23:47
809,Eötvös Loránd Tudományegyetem,Egyetemi alkalmazott,Férfi,0:23:47
313,Eötvös Loránd Tudományegyetem,Egyetemi alkalmazott,Férfi,0:23:50
548,Eötvös Loránd Tudományegyetem,Egyetemi hallgató,Férfi,0:23:51
244,,Egyéb,Férfi,0:23:52
487,Eötvös Loránd Tudományegyetem,Egyetemi alkalmazott,Férfi,0:23:53
405,Eötvös Loránd Tudományegyetem,Doktorandusz hallgató,Férfi,0:23:54
814,,Egyéb,Férfi,0:23:55
910,Budapesti Műszaki és Gazdaságtudományi Egyetem,Egyetemi alkalmazott,Férfi,0:23:57
702,,Egyéb,Férfi,0:23:58
389,,Egyéb,Férfi,0:24:01
577,,Egyéb,Férfi,0:24:01
160,Eötvös Loránd Tudományegyetem,Egyetemi alkalmazott,Férfi,0:24:01
727,Eötvös Loránd Tudományegyetem,Egyetemi hallgató,Férfi,0:24:01
374,,Egyéb,Férfi,0:24:03
582,Eötvös Loránd Tudományegyetem,Egyetemi hallgató,Férfi,0:24:05
507,Eötvös Loránd Tudományegyetem,Egyetemi hallgató,Férfi,0:24:09
413,Eötvös Loránd Tudományegyetem,Egyetemi hallgató,Férfi,0:24:10
584,Eötvös Loránd Tudományegyetem,Egyetemi hallgató,Férfi,0:24:10
755,Budapesti Műszaki és Gazdaságtudományi Egyetem,Egyetemi hallgató,Férfi,0:24:11
871,,Egyéb,Férfi,0:24:11
500,Eötvös Loránd Tudományegyetem,Egyetemi alkalmazott,Férfi,0:24:13
103,,Egyéb,Férfi,0:24:14
176,,Egyéb,Férfi,0:24:14
784,Pázmány Péter Katolikus Egyetem,Egyetemi hallgató,Férfi,0:24:15
635,Eötvös Loránd Tudományegyetem,Egyetemi hallgató,Férfi,0:24:16
790,Eötvös Loránd Tudományegyetem,Egyetemi alkalmazott,Férfi,0:24:22
863,Eötvös Loránd Tudományegyetem,Egyetemi hallgató,Férfi,0:24:23
258,,Egyéb,Férfi,0:24:24
466,Eötvös Loránd Tudományegyetem,Egyetemi hallgató,Férfi,0:24:24
486,Eötvös Loránd Tudományegyetem,Egyetemi hallgató,Férfi,0:24:27
903,,Egyéb,Férfi,0:24:31
848,,Egyéb,Férfi,0:24:32
482,Eötvös Loránd Tudományegyetem,Egyetemi hallgató,Férfi,0:24:33
369,,Egyéb,Férfi,0:24:35
599,Eötvös Loránd Tudományegyetem,Egyetemi hallgató,Férfi,0:24:36
721,Eötvös Loránd Tudományegyetem,Egyetemi hallgató,Férfi,0:24:36
269,,Egyéb,Férfi,0:24:37
730,Fazekas Mihály Ált. Isk. és Gimn.,Közoktatásban tanuló,Férfi,0:24:37
772,,Egyéb,Férfi,0:24:39
745,Eötvös Loránd Tudományegyetem,Egyetemi hallgató,Férfi,0:24:39
499,Eötvös Loránd Tudományegyetem,Egyetemi hallgató,Férfi,0:24:41
676,Eötvös Loránd Tudományegyetem,Egyetemi hallgató,Férfi,0:24:42
438,,Egyéb,Férfi,0:24:42
600,Eötvös Loránd Tudományegyetem,Egyetemi hallgató,Férfi,0:24:47
608,Eötvös Loránd Tudományegyetem,Egyetemi hallgató,Férfi,0:24:47
631,,Egyéb,Férfi,0:24:48
565,Eötvös Loránd Tudományegyetem,Doktorandusz hallgató,Férfi,0:24:50
654,,Egyéb,Férfi,0:24:53
559,Eötvös Loránd Tudományegyetem,Egyetemi hallgató,Férfi,0:24:53
347,,Egyéb,Férfi,0:24:55
441,,Egyéb,Férfi,0:24:56
613,Eötvös Loránd Tudományegyetem,Egyetemi hallgató,Férfi,0:24:58
895,Budapesti Műszaki és Gazdaságtudományi Egyetem,Egyetemi hallgató,Férfi,0:25:00
575,,Egyéb,Férfi,0:25:01
352,,Egyéb,Férfi,0:25:04
786,,Egyéb,Férfi,0:25:04
857,Eötvös Loránd Tudományegyetem,Egyetemi hallgató,Férfi,0:25:08
127,,Egyéb,Férfi,0:25:09
864,,Egyéb,Férfi,0:25:11
463,Eötvös Loránd Tudományegyetem,Egyetemi hallgató,Férfi,0:25:13
194,Eötvös Loránd Tudományegyetem,Egyetemi hallgató,Férfi,0:25:14
885,,Egyéb,Férfi,0:25:19
609,Eötvös Loránd Tudományegyetem,Egyetemi hallgató,Férfi,0:25:19
617,Eötvös Loránd Tudományegyetem,Egyetemi hallgató,Férfi,0:25:21
170,,Egyéb,Férfi,0:25:22
645,Eötvös Loránd Tudományegyetem,Egyetemi hallgató,Férfi,0:25:22
529,Eötvös Loránd Tudományegyetem,Egyetemi hallgató,Férfi,0:25:22
725,Eötvös Loránd Tudományegyetem,Egyetemi hallgató,Férfi,0:25:25
233,,Egyéb,Férfi,0:25:26
286,,Egyéb,Férfi,0:25:27
655,,Egyéb,Férfi,0:25:27
287,,Egyéb,Férfi,0:25:28
291,Eötvös Loránd Tudományegyetem,Egyetemi alkalmazott,Férfi,0:25:30
115,,Egyéb,Férfi,0:25:32
883,Eötvös Loránd Tudományegyetem,Egyetemi hallgató,Férfi,0:25:32
157,,Egyéb,Férfi,0:25:33
70,,Egyéb,Férfi,0:25:33
520,Eötvös Loránd Tudományegyetem,Egyetemi hallgató,Férfi,0:25:35
100,,Egyéb,Férfi,0:25:35
495,Eötvös Loránd Tudományegyetem,Egyetemi hallgató,Férfi,0:25:36
421,,Egyéb,Férfi,0:25:36
731,Fazekas Mihály Ált. Isk. és Gimn.,Közoktatásban tanuló,Férfi,0:25:36
434,,Egyéb,Férfi,0:25:37
459,,Egyéb,Férfi,0:25:38
295,,Egyéb,Férfi,0:25:39
255,Eötvös Loránd Tudományegyetem,Egyetemi alkalmazott,Férfi,0:25:39
729,Eötvös Loránd Tudományegyetem,Egyetemi alkalmazott,Férfi,0:25:40
855,Budapesti Műszaki és Gazdaságtudományi Egyetem,Egyetemi hallgató,Férfi,0:25:40
815,,Egyéb,Férfi,0:25:40
356,,Egyéb,Férfi,0:25:41
811,Eötvös Loránd Tudományegyetem,Egyetemi hallgató,Férfi,0:25:41
534,Eötvös Loránd Tudományegyetem,Egyetemi hallgató,Férfi,0:25:44
716,,Egyéb,Férfi,0:25:44
452,,Egyéb,Férfi,0:25:45
514,Eötvös Loránd Tudományegyetem,Egyetemi hallgató,Férfi,0:25:45
510,Eötvös Loránd Tudományegyetem,Egyetemi hallgató,Férfi,0:25:51
296,Eötvös Loránd Tudományegyetem,Egyetemi alkalmazott,Férfi,0:25:55
252,,Egyéb,Férfi,0:26:01
141,,Egyéb,Férfi,0:26:02
652,Eötvös Loránd Tudományegyetem,Egyetemi hallgató,Férfi,0:26:03
106,,Egyéb,Férfi,0:26:04
391,,Egyéb,Férfi,0:26:04
251,,Egyéb,Férfi,0:26:04
462,,Egyéb,Férfi,0:26:04
143,,Egyéb,Férfi,0:26:04
802,,Egyéb,Férfi,0:26:05
628,Eötvös Loránd Tudományegyetem,Egyetemi hallgató,Férfi,0:26:05
268,,Egyéb,Férfi,0:26:05
210,,Egyéb,Férfi,0:26:09
363,Eötvös Loránd Tudományegyetem,Egyetemi hallgató,Férfi,0:26:10
803,,Egyéb,Férfi,0:26:10
202,,Egyéb,Férfi,0:26:11
515,Eötvös Loránd Tudományegyetem,Egyetemi hallgató,Férfi,0:26:11
820,,Egyéb,Férfi,0:26:11
614,,Egyéb,Férfi,0:26:15
824,Eötvös Loránd Tudományegyetem,Doktorandusz hallgató,Férfi,0:26:21
449,,Egyéb,Férfi,0:26:29
261,,Egyéb,Férfi,0:26:30
277,Eötvös Loránd Tudományegyetem,Egyetemi alkalmazott,Férfi,0:26:34
743,Eötvös Loránd Tudományegyetem,Egyetemi hallgató,Férfi,0:26:34
382,Eötvös Loránd Tudományegyetem,Egyetemi hallgató,Férfi,0:26:35
378,Eötvös Loránd Tudományegyetem,Egyetemi hallgató,Férfi,0:26:35
175,,Egyéb,Férfi,0:26:36
186,,Egyéb,Férfi,0:26:36
817,Eötvös Loránd Tudományegyetem,Egyetemi hallgató,Férfi,0:26:38
300,,Egyéb,Férfi,0:26:40
319,,Egyéb,Férfi,0:26:41
203,,Egyéb,Férfi,0:26:46
388,,Egyéb,Férfi,0:26:47
884,Eötvös Loránd Tudományegyetem,Egyetemi hallgató,Férfi,0:26:50
446,,Egyéb,Férfi,0:26:50
197,,Egyéb,Férfi,0:26:53
289,,Egyéb,Férfi,0:26:54
658,Eötvös Loránd Tudományegyetem,Egyetemi hallgató,Férfi,0:26:55
799,,Egyéb,Férfi,0:26:57
467,,Egyéb,Férfi,0:26:57
324,,Egyéb,Férfi,0:26:59
158,,Egyéb,Férfi,0:26:59
684,Eötvös Loránd Tudományegyetem,Egyetemi hallgató,Férfi,0:26:59
178,,Egyéb,Férfi,0:27:01
200,,Egyéb,Férfi,0:27:01
914,,Egyéb,Férfi,0:27:02
707,Eötvös Loránd Tudományegyetem,Egyetemi hallgató,Férfi,0:27:02
241,,Egyéb,Férfi,0:27:02
179,,Egyéb,Férfi,0:27:09
795,Eötvös Loránd Tudományegyetem,Egyetemi hallgató,Férfi,0:27:10
173,,Egyéb,Férfi,0:27:13
905,,Egyéb,Férfi,0:27:13
660,Eötvös Loránd Tudományegyetem,Doktorandusz hallgató,Férfi,0:27:14
301,,Egyéb,Férfi,0:27:20
611,,Egyéb,Férfi,0:27:23
217,,Egyéb,Férfi,0:27:23
639,,Egyéb,Férfi,0:27:27
383,Eötvös Loránd Tudományegyetem,Egyetemi hallgató,Férfi,0:27:33
851,,Egyéb,Férfi,0:27:35
728,,Egyéb,Férfi,0:27:35
315,,Egyéb,Férfi,0:27:38
538,Eötvös Loránd Tudományegyetem,Egyetemi hallgató,Férfi,0:27:39
102,,Egyéb,Férfi,0:27:44
812,,Egyéb,Férfi,0:27:44
503,Eötvös Loránd Tudományegyetem,Egyetemi hallgató,Férfi,0:27:46
343,,Egyéb,Férfi,0:27:50
860,,Egyéb,Férfi,0:27:55
254,,Egyéb,Férfi,0:27:59
111,,Egyéb,Férfi,0:28:10
318,Eötvös Loránd Tudományegyetem,Doktorandusz hallgató,Férfi,0:28:11
132,,Egyéb,Férfi,0:28:13
272,,Egyéb,Férfi,0:28:15
447,Eötvös Loránd Tudományegyetem,Egyetemi hallgató,Férfi,0:28:18
874,,Egyéb,Férfi,0:28:18
331,,Egyéb,Férfi,0:28:22
909,,Egyéb,Férfi,0:28:23
285,,Egyéb,Férfi,0:28:25
321,,Egyéb,Férfi,0:28:27
856,Eötvös Loránd Tudományegyetem,Egyetemi hallgató,Férfi,0:28:32
913,Eötvös Loránd Tudományegyetem,Egyetemi alkalmazott,Férfi,0:28:33
227,,Egyéb,Férfi,0:28:34
668,Eötvös Loránd Tudományegyetem,Egyetemi hallgató,Férfi,0:28:36
185,,Egyéb,Férfi,0:28:37
166,,Egyéb,Férfi,0:28:40
212,,Egyéb,Férfi,0:28:41
763,,Egyéb,Férfi,0:28:45
232,,Egyéb,Férfi,0:28:53
213,,Egyéb,Férfi,0:28:53
450,Eötvös Loránd Tudományegyetem,Egyetemi hallgató,Férfi,0:28:58
367,,Egyéb,Férfi,0:29:01
262,,Egyéb,Férfi,0:29:02
317,Eötvös Loránd Tudományegyetem,Doktorandusz hallgató,Férfi,0:29:07
56,Eötvös Loránd Tudományegyetem,Egyetemi alkalmazott,Férfi,0:29:08
191,Eötvös Loránd Tudományegyetem,Egyetemi alkalmazott,Férfi,0:29:08
430,,Egyéb,Férfi,0:29:12
152,,Egyéb,Férfi,0:29:15
521,Eötvös Loránd Tudományegyetem,Egyetemi hallgató,Férfi,0:29:19
590,Eötvös Loránd Tudományegyetem,Egyetemi hallgató,Férfi,0:29:21
425,,Egyéb,Férfi,0:29:22
184,,Egyéb,Férfi,0:29:23
42,Eötvös Loránd Tudományegyetem,Egyetemi alkalmazott,Férfi,0:29:25
138,,Egyéb,Férfi,0:29:26
788,,Egyéb,Férfi,0:29:26
209,,Egyéb,Férfi,0:29:28
243,,Egyéb,Férfi,0:29:29
651,,Egyéb,Férfi,0:29:30
107,Budapesti Műszaki és Gazdaságtudományi Egyetem,Egyetemi hallgató,Férfi,0:29:31
602,Eötvös Loránd Tudományegyetem,Doktorandusz hallgató,Férfi,0:29:32
145,,Egyéb,Férfi,0:29:34
869,,Egyéb,Férfi,0:29:35
625,Eötvös Loránd Tudományegyetem,Egyetemi hallgató,Férfi,0:29:37
144,,Egyéb,Férfi,0:29:39
381,Eötvös Loránd Tudományegyetem,Egyetemi hallgató,Férfi,0:29:39
139,,Egyéb,Férfi,0:29:42
204,,Egyéb,Férfi,0:29:46
619,Eötvös Loránd Tudományegyetem,Egyetemi hallgató,Férfi,0:29:48
162,Eötvös Loránd Tudományegyetem,Egyetemi alkalmazott,Férfi,0:29:48
738,Eötvös Loránd Tudományegyetem,Doktorandusz hallgató,Férfi,0:29:52
119,,Egyéb,Férfi,0:29:55
712,,Egyéb,Férfi,0:29:55
900,,Egyéb,Férfi,0:29:56
180,Eötvös Loránd Tudományegyetem,Egyetemi hallgató,Férfi,0:29:58
439,Eötvös Loránd Tudományegyetem,Egyetemi alkalmazott,Férfi,0:29:59
563,Eötvös Loránd Tudományegyetem,Doktorandusz hallgató,Férfi,0:29:59
229,,Egyéb,Férfi,0:30:03
122,,Egyéb,Férfi,0:30:17
326,,Egyéb,Férfi,0:30:21
578,,Egyéb,Férfi,0:30:30
819,,Egyéb,Férfi,0:30:30
717,Eötvös Loránd Tudományegyetem,Doktorandusz hallgató,Férfi,0:30:32
866,,Egyéb,Férfi,0:30:33
501,Eötvös Loránd Tudományegyetem,Egyetemi hallgató,Férfi,0:30:42
801,Óbudai Egyetem,Egyetemi hallgató,Férfi,0:30:42
629,Eötvös Loránd Tudományegyetem,Egyetemi hallgató,Férfi,0:30:45
744,,Egyéb,Férfi,0:30:49
223,,Egyéb,Férfi,0:30:49
880,Eötvös Loránd Tudományegyetem,Egyetemi hallgató,Férfi,0:30:49
701,Eötvös Loránd Tudományegyetem,Egyetemi hallgató,Férfi,0:30:49
536,Eötvös Loránd Tudományegyetem,Egyetemi hallgató,Férfi,0:30:50
136,,Egyéb,Férfi,0:30:55
298,Eötvös József Gimnázium- Budapest,Közoktatásban tanuló,Férfi,0:30:59
225,,Egyéb,Férfi,0:31:06
804,Eötvös Loránd Tudományegyetem,Egyetemi hallgató,Férfi,0:31:10
586,Eötvös Loránd Tudományegyetem,Egyetemi alkalmazott,Férfi,0:31:11
698,Eötvös Loránd Tudományegyetem,Egyetemi hallgató,Férfi,0:31:17
496,Eötvös Loránd Tudományegyetem,Egyetemi hallgató,Férfi,0:31:18
620,Eötvös Loránd Tudományegyetem,Egyetemi hallgató,Férfi,0:31:18
774,Eötvös Loránd Tudományegyetem,Egyetemi hallgató,Férfi,0:31:34
153,,Egyéb,Férfi,0:31:37
237,Eötvös Loránd Tudományegyetem,Egyetemi hallgató,Férfi,0:31:38
174,,Egyéb,Férfi,0:31:46
420,,Egyéb,Férfi,0:31:49
805,Eötvös Loránd Tudományegyetem,Egyetemi hallgató,Férfi,0:32:07
415,,Egyéb,Férfi,0:32:09
182,Eötvös Loránd Tudományegyetem,Egyetemi hallgató,Férfi,0:32:19
283,Eötvös Loránd Tudományegyetem,Egyetemi alkalmazott,Férfi,0:32:27
762,Eötvös Loránd Tudományegyetem,Egyetemi alkalmazott,Férfi,0:32:33
198,,Egyéb,Férfi,0:32:35
172,,Egyéb,Férfi,0:32:36
116,,Egyéb,Férfi,0:32:37
461,,Egyéb,Férfi,0:32:44
777,Eötvös Loránd Tudományegyetem,Egyetemi hallgató,Férfi,0:32:45
616,Eötvös Loránd Tudományegyetem,Egyetemi hallgató,Férfi,0:32:50
278,,Egyéb,Férfi,0:32:50
530,Eötvös Loránd Tudományegyetem,Egyetemi hallgató,Férfi,0:32:50
746,Eötvös Loránd Tudományegyetem,Doktorandusz hallgató,Férfi,0:32:54
154,,Egyéb,Férfi,0:33:01
665,Eötvös Loránd Tudományegyetem,Doktorandusz hallgató,Férfi,0:33:07
640,Eötvös Loránd Tudományegyetem,Egyetemi hallgató,Férfi,0:33:15
823,,Egyéb,Férfi,0:33:21
133,Kelenvölgyi Általános Iskola,Közoktatásban tanuló,Férfi,0:33:40
889,Eötvös Loránd Tudományegyetem,Egyetemi hallgató,Férfi,0:33:41
134,,Egyéb,Férfi,0:33:41
312,ELTE Gyertyánffy István Gyakorló Általános Iskola,Közoktatásban tanuló,Férfi,0:33:45
311,,Egyéb,Férfi,0:33:45
308,Eötvös Loránd Tudományegyetem,Egyetemi alkalmazott,Férfi,0:33:49
306,,Egyéb,Férfi,0:33:51
626,Eötvös Loránd Tudományegyetem,Egyetemi hallgató,Férfi,0:33:51
114,,Egyéb,Férfi,0:33:58
123,,Egyéb,Férfi,0:33:59
685,Eötvös Loránd Tudományegyetem,Doktorandusz hallgató,Férfi,0:33:59
886,,Egyéb,Férfi,0:34:00
183,,Egyéb,Férfi,0:34:07
156,,Egyéb,Férfi,0:34:09
159,,Egyéb,Férfi,0:34:13
124,,Egyéb,Férfi,0:34:18
149,Budapesti Műszaki és Gazdaságtudományi Egyetem,Egyetemi hallgató,Férfi,0:34:20
830,,Egyéb,Férfi,0:34:31
142,,Egyéb,Férfi,0:34:34
218,,Egyéb,Férfi,0:34:41
284,,Egyéb,Férfi,0:34:45
279,,Egyéb,Férfi,0:34:46
760,Budapesti Gazdasági Egyetem,Egyetemi hallgató,Férfi,0:34:52
642,,Egyéb,Férfi,0:35:12
5,Eötvös Loránd Tudományegyetem,Egyetemi alkalmazott,Férfi,0:35:42
6,,Egyéb,Férfi,0:35:44
110,,Egyéb,Férfi,0:35:58
556,Eötvös Loránd Tudományegyetem,Egyetemi hallgató,Férfi,0:36:11
663,Eötvös Loránd Tudományegyetem,Egyetemi alkalmazott,Férfi,0:36:23
478,,Egyéb,Férfi,0:36:30
715,Eötvös Loránd Tudományegyetem,Egyetemi hallgató,Férfi,0:36:36
650,Eötvös Loránd Tudományegyetem,Egyetemi hallgató,Férfi,0:36:46
214,,Egyéb,Férfi,0:36:47
376,,Egyéb,Férfi,0:36:51
710,Eötvös Loránd Tudományegyetem,Egyetemi hallgató,Férfi,0:37:04
881,,Egyéb,Férfi,0:37:22
399,,Egyéb,Férfi,0:37:26
424,Gárdonyi Géza Általános Iskola,Közoktatásban tanuló,Férfi,0:37:35
423,,Egyéb,Férfi,0:37:35
767,,Egyéb,Férfi,0:39:09
299,,Egyéb,Férfi,0:39:10
99,Eötvös Loránd Tudományegyetem,Egyetemi hallgató,Férfi,0:39:11
125,,Egyéb,Férfi,0:40:42
187,,Egyéb,Férfi,0:40:55
104,,Egyéb,Férfi,0:41:22
208,,Egyéb,Férfi,0:41:27
228,,Egyéb,Férfi,0:45:44
181,,Egyéb,Férfi,0:45:46
779,,Egyéb,Férfi,0:46:21
248,Budapesti Gazdasági Egyetem,Egyetemi hallgató,Nő,0:17:47
759,Nemzeti Közszolgálati Egyetem,Egyetemi hallgató,Nő,0:19:42
747,ll. Rákóczi Ferenc gimnázium,Közoktatásban tanuló,Nő,0:20:00
622,Eötvös Loránd Tudományegyetem,Egyetemi hallgató,Nő,0:20:29
207,,Egyéb,Nő,0:20:38
13,Eötvös Loránd Tudományegyetem,Doktorandusz hallgató,Nő,0:20:41
677,Újbudai József Attila Gimnázium,Közoktatásban tanuló,Nő,0:20:48
473,Budapesti Corvinus Egyetem,Egyetemi hallgató,Nő,0:21:15
756,,Egyéb,Nő,0:21:53
342,,Egyéb,Nő,0:22:01
431,Budapesti Műszaki és Gazdaságtudományi Egyetem,Doktorandusz hallgató,Nő,0:22:12
370,,Egyéb,Nő,0:22:18
327,,Egyéb,Nő,0:22:18
304,Budapesti Műszaki és Gazdaságtudományi Egyetem,Doktorandusz hallgató,Nő,0:22:27
550,Eötvös Loránd Tudományegyetem,Egyetemi hallgató,Nő,0:22:47
416,,Egyéb,Nő,0:22:48
427,,Egyéb,Nő,0:23:03
392,Eötvös Loránd Tudományegyetem,Egyetemi hallgató,Nő,0:23:03
718,Eötvös Loránd Tudományegyetem,Egyetemi hallgató,Nő,0:23:05
323,Eötvös Loránd Tudományegyetem,Egyetemi alkalmazott,Nő,0:23:15
719,Eötvös Loránd Tudományegyetem,Egyetemi hallgató,Nő,0:23:18
519,Eötvös Loránd Tudományegyetem,Egyetemi hallgató,Nő,0:23:26
247,,Egyéb,Nő,0:23:41
632,Eötvös Loránd Tudományegyetem,Egyetemi hallgató,Nő,0:23:41
372,Eötvös Loránd Tudományegyetem,Egyetemi hallgató,Nő,0:23:47
148,,Egyéb,Nő,0:23:48
398,,Egyéb,Nő,0:23:49
490,Eötvös Loránd Tudományegyetem,Egyetemi hallgató,Nő,0:24:09
896,Eötvös Loránd Tudományegyetem,Egyetemi hallgató,Nő,0:24:25
349,,Egyéb,Nő,0:24:30
847,,Egyéb,Nő,0:24:32
773,Eötvös Loránd Tudományegyetem,Egyetemi hallgató,Nő,0:24:43
915,,Egyéb,Nő,0:24:56
236,Eötvös Loránd Tudományegyetem,Doktorandusz hallgató,Nő,0:25:03
396,,Egyéb,Nő,0:25:08
683,Ádám Jenő Általános Iskola,Közoktatásban tanuló,Nő,0:25:09
770,Madách Imre Gimnázium,Közoktatásban tanuló,Nő,0:25:14
188,,Egyéb,Nő,0:25:17
751,Semmelweis Egyetem,Egyetemi hallgató,Nő,0:25:18
549,,Egyéb,Nő,0:25:32
858,,Egyéb,Nő,0:25:37
589,Eötvös Loránd Tudományegyetem,Egyetemi hallgató,Nő,0:25:48
836,,Egyéb,Nő,0:26:05
290,,Egyéb,Nő,0:26:07
735,Eötvös Loránd Tudományegyetem,Egyetemi hallgató,Nő,0:26:10
768,Eötvös Loránd Tudományegyetem,Doktorandusz hallgató,Nő,0:26:22
409,Eötvös Loránd Tudományegyetem,Egyetemi hallgató,Nő,0:26:24
250,Eötvös Loránd Tudományegyetem,Egyetemi alkalmazott,Nő,0:26:42
517,Eötvös Loránd Tudományegyetem,Egyetemi hallgató,Nő,0:26:42
292,Budapesti Műszaki és Gazdaságtudományi Egyetem,Doktorandusz hallgató,Nő,0:26:43
235,Semmelweis Egyetem,Egyetemi alkalmazott,Nő,0:26:44
339,Eötvös Loránd Tudományegyetem,Egyetemi hallgató,Nő,0:27:16
541,Eötvös Loránd Tudományegyetem,Egyetemi hallgató,Nő,0:27:19
464,Eötvös Loránd Tudományegyetem,Egyetemi alkalmazott,Nő,0:27:23
606,Baár-Madas Református Gimnázium- Általános Iskola és Kollégium,Közoktatásban tanuló,Nő,0:27:29
448,Eötvös Loránd Tudományegyetem,Egyetemi hallgató,Nő,0:27:31
564,,Egyéb,Nő,0:27:32
384,Eötvös Loránd Tudományegyetem,Egyetemi hallgató,Nő,0:27:35
264,,Egyéb,Nő,0:27:35
689,Eötvös Loránd Tudományegyetem,Doktorandusz hallgató,Nő,0:27:39
736,,Egyéb,Nő,0:27:54
171,,Egyéb,Nő,0:27:59
682,Eötvös Loránd Tudományegyetem,Egyetemi hallgató,Nő,0:28:01
912,Eötvös Loránd Tudományegyetem,Egyetemi hallgató,Nő,0:28:11
465,Eötvös Loránd Tudományegyetem,Egyetemi alkalmazott,Nő,0:28:19
325,Kispesti Waldorf Óvoda- Általános Iskola- Alapfokú Művészeti Iskola és Gimnázium,Közoktatásban tanuló,Nő,0:28:21
305,,Egyéb,Nő,0:28:23
709,Eötvös Loránd Tudományegyetem,Egyetemi hallgató,Nő,0:28:32
778,Érdi Vörösmarty Mihály Gimnázium,Közoktatásban tanuló,Nő,0:28:41
328,Eötvös Loránd Tudományegyetem,Egyetemi alkalmazott,Nő,0:28:41
386,Pázmány Péter Katolikus Egyetem,Egyetemi hallgató,Nő,0:28:42
249,,Egyéb,Nő,0:28:44
572,Eötvös Loránd Tudományegyetem,Egyetemi hallgató,Nő,0:28:54
839,Eötvös Loránd Tudományegyetem,Egyetemi hallgató,Nő,0:28:57
901,Pázmány Péter Katolikus Egyetem,Egyetemi hallgató,Nő,0:29:04
293,Moholy-Nagy Művészeti Egyetem,Doktorandusz hallgató,Nő,0:29:06
271,Eötvös Loránd Tudományegyetem,Egyetemi alkalmazott,Nő,0:29:07
375,Eötvös Loránd Tudományegyetem,Egyetemi hallgató,Nő,0:29:10
310,Eötvös Loránd Tudományegyetem,Egyetemi hallgató,Nő,0:29:19
354,Eötvös Loránd Tudományegyetem,Egyetemi hallgató,Nő,0:29:19
371,,Egyéb,Nő,0:29:26
453,Eötvös Loránd Tudományegyetem,Egyetemi alkalmazott,Nő,0:29:27
782,Eötvös Loránd Tudományegyetem,Doktorandusz hallgató,Nő,0:29:27
385,,Egyéb,Nő,0:29:27
433,,Egyéb,Nő,0:29:34
373,,Egyéb,Nő,0:29:42
322,Eötvös Loránd Tudományegyetem,Egyetemi hallgató,Nő,0:29:47
837,Eötvös Loránd Tudományegyetem,Egyetemi hallgató,Nő,0:29:47
485,Eötvös Loránd Tudományegyetem,Egyetemi hallgató,Nő,0:29:54
592,Eötvös Loránd Tudományegyetem,Egyetemi hallgató,Nő,0:29:55
456,Eötvös Loránd Tudományegyetem,Doktorandusz hallgató,Nő,0:30:00
877,Eötvös Loránd Tudományegyetem,Egyetemi hallgató,Nő,0:30:04
206,,Egyéb,Nő,0:30:12
429,,Egyéb,Nő,0:30:12
618,Eötvös Loránd Tudományegyetem,Egyetemi hallgató,Nő,0:30:20
552,Eötvös Loránd Tudományegyetem,Egyetemi hallgató,Nő,0:30:27
720,,Egyéb,Nő,0:30:27
506,Eötvös Loránd Tudományegyetem,Egyetemi hallgató,Nő,0:30:29
643,Eötvös Loránd Tudományegyetem,Egyetemi hallgató,Nő,0:30:34
644,Eötvös Loránd Tudományegyetem,Egyetemi hallgató,Nő,0:30:35
630,Eötvös Loránd Tudományegyetem,Egyetemi hallgató,Nő,0:30:35
771,,Egyéb,Nő,0:30:39
222,,Egyéb,Nő,0:30:48
700,Eötvös Loránd Tudományegyetem,Egyetemi hallgató,Nő,0:30:48
224,,Egyéb,Nő,0:30:49
667,,Egyéb,Nő,0:30:52
442,Eötvös Loránd Tudományegyetem,Egyetemi alkalmazott,Nő,0:30:54
400,Eötvös Loránd Tudományegyetem,Egyetemi alkalmazott,Nő,0:30:56
402,,Egyéb,Nő,0:30:57
581,Eötvös Loránd Tudományegyetem,Egyetemi hallgató,Nő,0:31:06
899,Eötvös Loránd Tudományegyetem,Egyetemi hallgató,Nő,0:31:07
780,Eötvös Loránd Tudományegyetem,Egyetemi hallgató,Nő,0:31:09
336,Óbudai Egyetem,Egyetemi hallgató,Nő,0:31:11
355,Eötvös Loránd Tudományegyetem,Egyetemi alkalmazott,Nő,0:31:19
766,,Egyéb,Nő,0:31:20
294,Eötvös Loránd Tudományegyetem,Egyetemi hallgató,Nő,0:31:22
491,Eötvös Loránd Tudományegyetem,Egyetemi hallgató,Nő,0:31:23
475,Eötvös Loránd Tudományegyetem,Egyetemi hallgató,Nő,0:31:29
544,Eötvös Loránd Tudományegyetem,Doktorandusz hallgató,Nő,0:31:29
280,,Egyéb,Nő,0:31:29
637,Eötvös Loránd Tudományegyetem,Egyetemi hallgató,Nő,0:31:34
303,,Egyéb,Nő,0:31:53
189,,Egyéb,Nő,0:32:04
199,,Egyéb,Nő,0:32:07
163,,Egyéb,Nő,0:32:14
576,Eötvös Loránd Tudományegyetem,Doktorandusz hallgató,Nő,0:32:19
390,Eötvös Loránd Tudományegyetem,Egyetemi hallgató,Nő,0:32:24
810,Eötvös Loránd Tudományegyetem,Egyetemi hallgató,Nő,0:32:24
678,Eötvös Loránd Tudományegyetem,Egyetemi hallgató,Nő,0:32:25
713,,Egyéb,Nő,0:32:35
887,,Egyéb,Nő,0:32:46
723,Eötvös Loránd Tudományegyetem,Egyetemi hallgató,Nő,0:32:50
844,Semmelweis Egyetem,Egyetemi hallgató,Nő,0:32:50
861,Eötvös Loránd Tudományegyetem,Egyetemi hallgató,Nő,0:32:52
472,,Egyéb,Nő,0:32:53
610,Eötvös Loránd Tudományegyetem,Egyetemi hallgató,Nő,0:32:54
612,,Egyéb,Nő,0:32:59
273,Napsugár Óvoda,Közoktatásban tanuló,Nő,0:33:10
633,Eötvös Loránd Tudományegyetem,Egyetemi hallgató,Nő,0:33:11
669,,Egyéb,Nő,0:33:16
334,,Egyéb,Nő,0:33:20
687,Eötvös Loránd Tudományegyetem,Egyetemi alkalmazott,Nő,0:33:23
862,Eötvös Loránd Tudományegyetem,Egyetemi hallgató,Nő,0:33:23
882,Eötvös Loránd Tudományegyetem,Egyetemi hallgató,Nő,0:33:26
274,Eötvös Loránd Tudományegyetem,Egyetemi alkalmazott,Nő,0:33:34
257,Eötvös Loránd Tudományegyetem,Egyetemi alkalmazott,Nő,0:33:41
513,Eötvös Loránd Tudományegyetem,Egyetemi hallgató,Nő,0:33:41
891,Semmelweis Egyetem,Egyetemi hallgató,Nő,0:33:54
868,Eötvös Loránd Tudományegyetem,Egyetemi hallgató,Nő,0:33:55
793,,Egyéb,Nő,0:33:56
169,,Egyéb,Nő,0:33:57
62,,Egyéb,Nő,0:34:05
831,Eötvös Loránd Tudományegyetem,Egyetemi hallgató,Nő,0:34:06
502,Eötvös Loránd Tudományegyetem,Egyetemi alkalmazott,Nő,0:34:08
516,,Egyéb,Nő,0:34:09
828,,Egyéb,Nő,0:34:10
545,Eötvös Loránd Tudományegyetem,Egyetemi hallgató,Nő,0:34:21
259,,Egyéb,Nő,0:34:27
108,Budapesti Műszaki és Gazdaságtudományi Egyetem,Egyetemi hallgató,Nő,0:34:32
470,Eötvös Loránd Tudományegyetem,Egyetemi alkalmazott,Nő,0:34:47
155,,Egyéb,Nő,0:34:48
761,Eötvös Loránd Tudományegyetem,Egyetemi hallgató,Nő,0:34:52
570,Eötvös Loránd Tudományegyetem,Egyetemi hallgató,Nő,0:35:05
742,,Egyéb,Nő,0:35:11
414,Eötvös Loránd Tudományegyetem,Doktorandusz hallgató,Nő,0:35:16
562,Budapesti Műszaki és Gazdaságtudományi Egyetem,Doktorandusz hallgató,Nő,0:35:30
215,,Egyéb,Nő,0:35:34
692,Eötvös Loránd Tudományegyetem,Egyetemi hallgató,Nő,0:35:46
574,Eötvös Loránd Tudományegyetem,Egyetemi hallgató,Nő,0:36:09
245,Eötvös Loránd Tudományegyetem,Egyetemi hallgató,Nő,0:36:29
741,Eötvös Loránd Tudományegyetem,Doktorandusz hallgató,Nő,0:36:34
351,Eötvös Loránd Tudományegyetem,Egyetemi hallgató,Nő,0:36:39
281,Eötvös Loránd Tudományegyetem,Egyetemi hallgató,Nő,0:36:46
357,Soproni Egyetem,Egyetemi hallgató,Nő,0:36:50
870,Eötvös Loránd Tudományegyetem,Egyetemi hallgató,Nő,0:36:55
137,,Egyéb,Nő,0:36:59
711,Budapesti Metropolitan Egyetem,Egyetemi hallgató,Nő,0:37:05
497,Eötvös Loránd Tudományegyetem,Egyetemi hallgató,Nő,0:37:05
789,,Egyéb,Nő,0:37:07
875,,Egyéb,Nő,0:37:13
835,,Egyéb,Nő,0:37:21
117,,Egyéb,Nő,0:37:27
691,Eötvös Loránd Tudományegyetem,Egyetemi hallgató,Nő,0:37:30
554,Eötvös Loránd Tudományegyetem,Egyetemi hallgató,Nő,0:37:43
436,Eötvös Loránd Tudományegyetem,Egyetemi hallgató,Nő,0:37:45
333,,Egyéb,Nő,0:37:46
458,Budapest I. Kerületi Szilágyi Erzsébet Gimnázium,Közoktatásban tanuló,Nő,0:38:14
457,,Egyéb,Nő,0:38:15
646,Eötvös Loránd Tudományegyetem,Egyetemi hallgató,Nő,0:38:30
316,Eötvös Loránd Tudományegyetem,Egyetemi alkalmazott,Nő,0:39:12
796,Eötvös Loránd Tudományegyetem,Egyetemi hallgató,Nő,0:39:54
365,,Egyéb,Nő,0:40:55
579,Eötvös Loránd Tudományegyetem,Egyetemi hallgató,Nő,0:41:11
230,,Egyéb,Nő,0:41:30
627,Eötvös Loránd Tudományegyetem,Egyetemi hallgató,Nő,0:45:05